module_presentation,date,total_clicks
AAA_2014J,15,5737
AAA_2014J,16,6778
AAA_2014J,17,6575
AAA_2014J,18,7974
AAA_2014J,19,5579
AAA_2014J,241,5853
AAA_2014J,2,5146
AAA_2014J,3,5212
AAA_2014J,9,5063
AAA_2014J,-24,8355
CCC_2014J,230,9437
CCC_2014J,110,8165
CCC_2014J,231,9636
CCC_2014J,111,5859
CCC_2014J,232,9138
CCC_2014J,112,6445
CCC_2014J,233,13234
CCC_2014J,113,9539
CCC_2014J,234,15521
CCC_2014J,114,8352
CCC_2014J,235,17065
CCC_2014J,115,9029
CCC_2014J,236,16408
CCC_2014J,116,7916
CCC_2014J,237,17917
CCC_2014J,117,6953
CCC_2014J,238,21039
CCC_2014J,118,6264
CCC_2014J,239,29086
CCC_2014J,119,6181
CCC_2014J,10,24944
CCC_2014J,11,25169
CCC_2014J,12,22264
CCC_2014J,13,23414
CCC_2014J,14,24763
CCC_2014J,15,35814
CCC_2014J,16,43071
CCC_2014J,17,46812
CCC_2014J,18,50543
CCC_2014J,19,14800
CCC_2014J,240,40293
CCC_2014J,120,9332
CCC_2014J,241,19799
CCC_2014J,0,16563
CCC_2014J,121,8176
CCC_2014J,242,5786
CCC_2014J,1,17293
CCC_2014J,122,7269
CCC_2014J,243,5960
CCC_2014J,2,22395
CCC_2014J,123,6877
CCC_2014J,3,22674
CCC_2014J,124,6359
CCC_2014J,4,20822
CCC_2014J,5,20262
CCC_2014J,126,5226
CCC_2014J,6,17246
CCC_2014J,127,6185
CCC_2014J,7,15560
CCC_2014J,128,6513
CCC_2014J,8,20039
CCC_2014J,129,7435
CCC_2014J,9,25596
CCC_2014J,20,12550
CCC_2014J,21,10207
CCC_2014J,22,12442
CCC_2014J,23,16141
CCC_2014J,24,13180
CCC_2014J,25,13141
CCC_2014J,26,12457
CCC_2014J,27,13209
CCC_2014J,28,11100
CCC_2014J,29,14710
CCC_2014J,130,7906
CCC_2014J,131,6164
CCC_2014J,132,5919
CCC_2014J,133,6423
CCC_2014J,134,8006
CCC_2014J,135,10450
CCC_2014J,136,10478
CCC_2014J,137,12295
CCC_2014J,138,11745
CCC_2014J,139,10603
CCC_2014J,30,19309
CCC_2014J,31,19851
CCC_2014J,32,16449
CCC_2014J,33,12073
CCC_2014J,34,8109
CCC_2014J,35,7459
CCC_2014J,36,8973
CCC_2014J,37,9610
CCC_2014J,38,10027
CCC_2014J,39,9994
CCC_2014J,140,13763
CCC_2014J,141,19929
CCC_2014J,142,27645
CCC_2014J,143,37200
CCC_2014J,144,49710
CCC_2014J,145,10061
CCC_2014J,146,6376
CCC_2014J,147,5728
CCC_2014J,148,6593
CCC_2014J,149,7424
CCC_2014J,40,9235
CCC_2014J,41,7306
CCC_2014J,42,6800
CCC_2014J,43,8460
CCC_2014J,44,10114
CCC_2014J,45,9790
CCC_2014J,46,9141
CCC_2014J,47,8924
CCC_2014J,48,7371
CCC_2014J,49,5726
CCC_2014J,150,6736
CCC_2014J,151,7081
CCC_2014J,152,6892
CCC_2014J,153,6880
CCC_2014J,154,7101
CCC_2014J,155,10047
CCC_2014J,156,10212
CCC_2014J,157,10484
CCC_2014J,158,10143
CCC_2014J,159,5262
CCC_2014J,50,9028
CCC_2014J,51,9046
CCC_2014J,52,9631
CCC_2014J,53,8114
CCC_2014J,54,12274
CCC_2014J,55,7275
CCC_2014J,56,7200
CCC_2014J,57,9706
CCC_2014J,58,11745
CCC_2014J,59,12885
CCC_2014J,163,5435
CCC_2014J,164,5553
CCC_2014J,165,5461
CCC_2014J,60,12593
CCC_2014J,61,11978
CCC_2014J,62,11724
CCC_2014J,63,12199
CCC_2014J,64,21480
CCC_2014J,65,29381
CCC_2014J,66,37517
CCC_2014J,67,45892
CCC_2014J,68,8968
CCC_2014J,171,5134
CCC_2014J,179,5455
CCC_2014J,187,5096
CCC_2014J,190,5488
CCC_2014J,191,6496
CCC_2014J,192,5210
CCC_2014J,193,5362
CCC_2014J,-10,6493
CCC_2014J,194,5189
CCC_2014J,-11,8263
CCC_2014J,-12,5346
CCC_2014J,196,5205
CCC_2014J,-13,5524
CCC_2014J,197,6286
CCC_2014J,-14,5279
CCC_2014J,198,6657
CCC_2014J,199,7331
CCC_2014J,-16,8001
CCC_2014J,-17,9186
CCC_2014J,-18,16784
CCC_2014J,90,5378
CCC_2014J,92,6808
CCC_2014J,93,6213
CCC_2014J,94,6379
CCC_2014J,95,7214
CCC_2014J,96,5597
CCC_2014J,98,5418
CCC_2014J,99,7277
CCC_2014J,-1,8955
CCC_2014J,-2,9973
CCC_2014J,-3,10025
CCC_2014J,-4,7423
CCC_2014J,-5,7910
CCC_2014J,-6,7289
CCC_2014J,-7,5897
CCC_2014J,-8,5447
CCC_2014J,-9,6066
CCC_2014J,200,6502
CCC_2014J,201,7297
CCC_2014J,202,6431
CCC_2014J,203,7508
CCC_2014J,204,10817
CCC_2014J,205,10893
CCC_2014J,206,13642
CCC_2014J,207,12038
CCC_2014J,208,11507
CCC_2014J,209,10051
CCC_2014J,210,11939
CCC_2014J,211,16393
CCC_2014J,212,22071
CCC_2014J,213,31649
CCC_2014J,214,41367
CCC_2014J,215,8052
CCC_2014J,216,5908
CCC_2014J,217,5038
CCC_2014J,218,6366
CCC_2014J,219,8858
CCC_2014J,220,9520
CCC_2014J,100,7792
CCC_2014J,221,7977
CCC_2014J,101,7359
CCC_2014J,222,8400
CCC_2014J,102,8169
CCC_2014J,223,7653
CCC_2014J,103,7257
CCC_2014J,224,6754
CCC_2014J,104,6840
CCC_2014J,225,9820
CCC_2014J,105,8249
CCC_2014J,226,10222
CCC_2014J,106,12041
CCC_2014J,227,11565
CCC_2014J,107,12399
CCC_2014J,228,11892
CCC_2014J,108,15035
CCC_2014J,229,10614
CCC_2014J,109,16028
BBB_2013J,10,10377
BBB_2013J,11,9569
BBB_2013J,12,8813
BBB_2013J,13,9391
BBB_2013J,14,8888
BBB_2013J,15,11091
BBB_2013J,16,12073
BBB_2013J,17,12887
BBB_2013J,18,12157
BBB_2013J,19,8145
BBB_2013J,240,8682
BBB_2013J,241,12353
BBB_2013J,0,8548
BBB_2013J,242,7565
BBB_2013J,1,8332
BBB_2013J,243,5333
BBB_2013J,2,19872
BBB_2013J,123,5065
BBB_2013J,3,12933
BBB_2013J,4,11490
BBB_2013J,5,9109
BBB_2013J,6,8452
BBB_2013J,127,5664
BBB_2013J,7,7378
BBB_2013J,128,6616
BBB_2013J,8,10096
BBB_2013J,129,7189
BBB_2013J,9,10905
BBB_2013J,20,7649
BBB_2013J,21,5140
BBB_2013J,22,7150
BBB_2013J,23,8128
BBB_2013J,24,7010
BBB_2013J,25,6756
BBB_2013J,26,6305
BBB_2013J,27,6472
BBB_2013J,28,5778
BBB_2013J,29,6733
BBB_2013J,130,8119
BBB_2013J,131,7694
BBB_2013J,30,12635
BBB_2013J,31,10253
BBB_2013J,32,9525
BBB_2013J,33,7899
BBB_2013J,34,7871
BBB_2013J,35,5887
BBB_2013J,36,6582
BBB_2013J,37,8282
BBB_2013J,38,8809
BBB_2013J,39,7507
BBB_2013J,40,7225
BBB_2013J,41,6649
BBB_2013J,42,6343
BBB_2013J,43,8294
BBB_2013J,44,11539
BBB_2013J,45,12086
BBB_2013J,46,11385
BBB_2013J,47,9226
BBB_2013J,48,5546
BBB_2013J,49,6213
BBB_2013J,50,7581
BBB_2013J,51,10079
BBB_2013J,52,8648
BBB_2013J,53,10296
BBB_2013J,54,9669
BBB_2013J,55,8669
BBB_2013J,56,5823
BBB_2013J,57,5736
BBB_2013J,58,6952
BBB_2013J,59,5903
BBB_2013J,162,6440
BBB_2013J,163,9345
BBB_2013J,164,8834
BBB_2013J,165,11817
BBB_2013J,166,9863
BBB_2013J,60,5790
BBB_2013J,65,6019
BBB_2013J,66,5275
BBB_2013J,89,5585
BBB_2013J,-10,16150
BBB_2013J,90,5843
BBB_2013J,91,5981
BBB_2013J,92,8116
BBB_2013J,93,7969
BBB_2013J,94,9661
BBB_2013J,95,11081
BBB_2013J,96,9834
BBB_2013J,97,7159
BBB_2013J,98,5566
BBB_2013J,99,6798
BBB_2013J,-1,5399
BBB_2013J,-3,6169
BBB_2013J,-4,6178
BBB_2013J,-5,6475
BBB_2013J,-8,5060
BBB_2013J,-9,6718
BBB_2013J,205,6394
BBB_2013J,206,8188
BBB_2013J,207,9179
BBB_2013J,208,9162
BBB_2013J,100,7598
BBB_2013J,101,7604
BBB_2013J,102,5951
BBB_2013J,108,5712
DDD_2014B,114,5045
DDD_2014B,115,7078
DDD_2014B,116,6144
DDD_2014B,10,7854
DDD_2014B,11,6904
DDD_2014B,12,6284
DDD_2014B,13,6138
DDD_2014B,14,7218
DDD_2014B,15,6893
DDD_2014B,16,9178
DDD_2014B,17,7945
DDD_2014B,18,7413
DDD_2014B,19,8217
DDD_2014B,0,8106
DDD_2014B,121,5786
DDD_2014B,1,9038
DDD_2014B,122,5299
DDD_2014B,2,11447
DDD_2014B,123,5179
DDD_2014B,3,10321
DDD_2014B,124,5258
DDD_2014B,4,8889
DDD_2014B,5,7464
DDD_2014B,6,6562
DDD_2014B,7,6097
DDD_2014B,128,5223
DDD_2014B,8,7569
DDD_2014B,129,5022
DDD_2014B,9,10138
DDD_2014B,20,6047
DDD_2014B,21,7400
DDD_2014B,22,9453
DDD_2014B,23,12033
DDD_2014B,24,12591
DDD_2014B,25,11801
DDD_2014B,26,6229
DDD_2014B,27,5698
DDD_2014B,28,5428
DDD_2014B,29,5450
DDD_2014B,30,7208
DDD_2014B,31,5913
DDD_2014B,32,6212
DDD_2014B,33,5508
DDD_2014B,35,7915
DDD_2014B,37,5637
DDD_2014B,38,5615
DDD_2014B,44,5117
DDD_2014B,49,5146
DDD_2014B,157,5344
DDD_2014B,158,5236
DDD_2014B,50,6618
DDD_2014B,51,9102
DDD_2014B,52,9889
DDD_2014B,53,8857
DDD_2014B,72,5225
DDD_2014B,73,5797
DDD_2014B,74,5652
DDD_2014B,-16,5754
DDD_2014B,-17,5564
DDD_2014B,-18,9803
DDD_2014B,-1,5085
DDD_2014B,-2,5058
DDD_2014B,-3,5026
DDD_2014B,-4,6095
DDD_2014B,-5,6065
DDD_2014B,226,5078
DDD_2014B,227,5540
DDD_2014B,228,7667
FFF_2014B,110,7346
FFF_2014B,111,5383
FFF_2014B,112,5255
FFF_2014B,113,7161
FFF_2014B,114,7618
FFF_2014B,115,8259
FFF_2014B,116,8880
FFF_2014B,117,7466
FFF_2014B,119,5077
FFF_2014B,10,20984
FFF_2014B,11,18121
FFF_2014B,12,18397
FFF_2014B,13,14402
FFF_2014B,14,17134
FFF_2014B,15,19421
FFF_2014B,16,22884
FFF_2014B,17,22211
FFF_2014B,18,24841
FFF_2014B,19,20409
FFF_2014B,120,6969
FFF_2014B,0,23062
FFF_2014B,121,8752
FFF_2014B,1,25756
FFF_2014B,122,9102
FFF_2014B,2,24829
FFF_2014B,123,9131
FFF_2014B,3,24187
FFF_2014B,124,10910
FFF_2014B,4,21414
FFF_2014B,125,8442
FFF_2014B,5,19645
FFF_2014B,126,12658
FFF_2014B,6,17753
FFF_2014B,127,17269
FFF_2014B,7,16969
FFF_2014B,128,24346
FFF_2014B,8,18605
FFF_2014B,129,18040
FFF_2014B,9,20725
FFF_2014B,20,18645
FFF_2014B,21,19929
FFF_2014B,22,30063
FFF_2014B,23,34114
FFF_2014B,24,25096
FFF_2014B,25,19462
FFF_2014B,26,15951
FFF_2014B,27,12787
FFF_2014B,28,12122
FFF_2014B,29,16548
FFF_2014B,130,10601
FFF_2014B,131,7698
FFF_2014B,132,6476
FFF_2014B,133,8044
FFF_2014B,134,8920
FFF_2014B,135,12955
FFF_2014B,136,12413
FFF_2014B,137,11419
FFF_2014B,138,9481
FFF_2014B,139,8948
FFF_2014B,30,20682
FFF_2014B,31,17882
FFF_2014B,32,17732
FFF_2014B,33,16584
FFF_2014B,34,11815
FFF_2014B,35,12016
FFF_2014B,36,14997
FFF_2014B,37,15200
FFF_2014B,38,13547
FFF_2014B,39,12409
FFF_2014B,140,7581
FFF_2014B,141,11500
FFF_2014B,142,13624
FFF_2014B,143,13910
FFF_2014B,144,12340
FFF_2014B,145,9165
FFF_2014B,146,7985
FFF_2014B,147,10763
FFF_2014B,148,13554
FFF_2014B,149,13103
FFF_2014B,40,11911
FFF_2014B,41,8721
FFF_2014B,42,9164
FFF_2014B,43,12493
FFF_2014B,44,14055
FFF_2014B,45,14213
FFF_2014B,46,14016
FFF_2014B,47,12950
FFF_2014B,48,12047
FFF_2014B,49,18028
FFF_2014B,150,9986
FFF_2014B,151,11775
FFF_2014B,152,10624
FFF_2014B,153,6747
FFF_2014B,154,7819
FFF_2014B,155,8416
FFF_2014B,156,11022
FFF_2014B,157,10613
FFF_2014B,158,9964
FFF_2014B,159,8057
FFF_2014B,50,23579
FFF_2014B,51,28424
FFF_2014B,52,22583
FFF_2014B,53,15194
FFF_2014B,54,12703
FFF_2014B,55,11049
FFF_2014B,56,8573
FFF_2014B,57,8779
FFF_2014B,58,12126
FFF_2014B,59,12148
FFF_2014B,160,6253
FFF_2014B,161,6802
FFF_2014B,162,7253
FFF_2014B,163,9232
FFF_2014B,164,11104
FFF_2014B,165,11044
FFF_2014B,166,10306
FFF_2014B,167,7732
FFF_2014B,168,9269
FFF_2014B,169,13165
FFF_2014B,60,11593
FFF_2014B,61,10364
FFF_2014B,62,8461
FFF_2014B,63,8823
FFF_2014B,64,8553
FFF_2014B,65,12205
FFF_2014B,66,12758
FFF_2014B,67,11592
FFF_2014B,68,10410
FFF_2014B,69,8184
FFF_2014B,170,19218
FFF_2014B,171,14823
FFF_2014B,172,7985
FFF_2014B,173,8128
FFF_2014B,174,6251
FFF_2014B,175,6601
FFF_2014B,176,8997
FFF_2014B,177,10948
FFF_2014B,178,9955
FFF_2014B,179,11320
FFF_2014B,70,8264
FFF_2014B,71,8808
FFF_2014B,72,9895
FFF_2014B,73,10059
FFF_2014B,74,8956
FFF_2014B,75,7093
FFF_2014B,76,6986
FFF_2014B,77,6786
FFF_2014B,78,8645
FFF_2014B,79,10518
FFF_2014B,180,8362
FFF_2014B,181,5544
FFF_2014B,182,6786
FFF_2014B,183,7903
FFF_2014B,184,8763
FFF_2014B,185,9401
FFF_2014B,186,10533
FFF_2014B,187,7979
FFF_2014B,188,8582
FFF_2014B,189,7485
FFF_2014B,80,11694
FFF_2014B,81,12386
FFF_2014B,82,10556
FFF_2014B,83,9222
FFF_2014B,84,12506
FFF_2014B,85,16773
FFF_2014B,86,21826
FFF_2014B,87,14109
FFF_2014B,88,8258
FFF_2014B,89,9137
FFF_2014B,190,8943
FFF_2014B,191,10474
FFF_2014B,192,13262
FFF_2014B,193,12454
FFF_2014B,-10,5059
FFF_2014B,194,12688
FFF_2014B,-11,5465
FFF_2014B,195,8417
FFF_2014B,-12,6299
FFF_2014B,196,8434
FFF_2014B,197,10526
FFF_2014B,-14,5329
FFF_2014B,198,10682
FFF_2014B,-15,5021
FFF_2014B,199,12080
FFF_2014B,-16,6582
FFF_2014B,-17,9183
FFF_2014B,-18,13344
FFF_2014B,90,6445
FFF_2014B,91,9765
FFF_2014B,92,9401
FFF_2014B,93,12584
FFF_2014B,94,12997
FFF_2014B,95,12230
FFF_2014B,96,12708
FFF_2014B,97,7843
FFF_2014B,98,8124
FFF_2014B,99,9107
FFF_2014B,-1,11155
FFF_2014B,-2,10435
FFF_2014B,-3,7008
FFF_2014B,-4,7223
FFF_2014B,-5,6566
FFF_2014B,-6,5095
FFF_2014B,-9,6607
FFF_2014B,200,11362
FFF_2014B,201,8610
FFF_2014B,202,6187
FFF_2014B,203,7902
FFF_2014B,204,9766
FFF_2014B,205,13742
FFF_2014B,206,12567
FFF_2014B,207,13960
FFF_2014B,208,10597
FFF_2014B,209,10767
FFF_2014B,210,9639
FFF_2014B,211,13557
FFF_2014B,212,11276
FFF_2014B,213,12960
FFF_2014B,214,9926
FFF_2014B,215,11684
FFF_2014B,216,10643
FFF_2014B,217,10133
FFF_2014B,220,19429
FFF_2014B,100,12165
FFF_2014B,221,19833
FFF_2014B,101,9882
FFF_2014B,222,17700
FFF_2014B,102,9786
FFF_2014B,223,19484
FFF_2014B,103,6579
FFF_2014B,224,25785
FFF_2014B,104,7057
FFF_2014B,225,35088
FFF_2014B,105,5628
FFF_2014B,226,41598
FFF_2014B,106,8018
FFF_2014B,227,29939
FFF_2014B,107,9681
FFF_2014B,108,9695
FFF_2014B,109,7680
BBB_2014J,110,8282
BBB_2014J,231,5362
BBB_2014J,232,7413
BBB_2014J,233,11447
BBB_2014J,113,5135
BBB_2014J,234,14263
BBB_2014J,114,8567
BBB_2014J,235,14788
BBB_2014J,115,9280
BBB_2014J,236,21336
BBB_2014J,116,7467
BBB_2014J,237,10530
BBB_2014J,117,6870
BBB_2014J,118,8668
BBB_2014J,119,6734
BBB_2014J,10,9948
BBB_2014J,11,9253
BBB_2014J,12,8171
BBB_2014J,13,6663
BBB_2014J,14,7155
BBB_2014J,15,8426
BBB_2014J,16,10681
BBB_2014J,17,11771
BBB_2014J,18,10067
BBB_2014J,19,6793
BBB_2014J,120,7990
BBB_2014J,0,10524
BBB_2014J,121,8119
BBB_2014J,1,10500
BBB_2014J,122,7210
BBB_2014J,2,15470
BBB_2014J,123,6927
BBB_2014J,3,13042
BBB_2014J,124,6362
BBB_2014J,4,10410
BBB_2014J,125,5383
BBB_2014J,5,9507
BBB_2014J,6,6821
BBB_2014J,127,6467
BBB_2014J,128,7498
BBB_2014J,8,8294
BBB_2014J,129,6536
BBB_2014J,9,11248
BBB_2014J,22,6562
BBB_2014J,23,7195
BBB_2014J,24,7695
BBB_2014J,25,6342
BBB_2014J,26,6752
BBB_2014J,27,6144
BBB_2014J,28,5809
BBB_2014J,29,7634
BBB_2014J,130,7424
BBB_2014J,131,7508
BBB_2014J,132,5247
BBB_2014J,133,7378
BBB_2014J,134,8072
BBB_2014J,135,9322
BBB_2014J,136,9014
BBB_2014J,137,8092
BBB_2014J,138,7276
BBB_2014J,139,5705
BBB_2014J,30,7885
BBB_2014J,31,8614
BBB_2014J,32,7904
BBB_2014J,33,7445
BBB_2014J,34,6549
BBB_2014J,35,5656
BBB_2014J,36,8464
BBB_2014J,37,10515
BBB_2014J,38,10245
BBB_2014J,39,10300
BBB_2014J,140,5660
BBB_2014J,141,8157
BBB_2014J,142,9860
BBB_2014J,143,8764
BBB_2014J,144,7964
BBB_2014J,145,8026
BBB_2014J,146,8060
BBB_2014J,147,7872
BBB_2014J,148,10947
BBB_2014J,149,13820
BBB_2014J,40,10971
BBB_2014J,41,6888
BBB_2014J,42,7402
BBB_2014J,43,9398
BBB_2014J,44,9673
BBB_2014J,45,9082
BBB_2014J,46,8203
BBB_2014J,47,7563
BBB_2014J,150,12436
BBB_2014J,151,14053
BBB_2014J,152,8741
BBB_2014J,156,7622
BBB_2014J,157,7022
BBB_2014J,158,6083
BBB_2014J,159,5794
BBB_2014J,50,6382
BBB_2014J,51,7801
BBB_2014J,52,7652
BBB_2014J,53,8719
BBB_2014J,54,5086
BBB_2014J,58,5202
BBB_2014J,162,5980
BBB_2014J,163,6863
BBB_2014J,164,6102
BBB_2014J,165,6356
BBB_2014J,166,5056
BBB_2014J,170,6081
BBB_2014J,171,5500
BBB_2014J,172,5094
BBB_2014J,178,5354
BBB_2014J,179,5176
BBB_2014J,183,5405
BBB_2014J,184,7398
BBB_2014J,185,5979
BBB_2014J,186,5884
BBB_2014J,187,5761
BBB_2014J,84,5938
BBB_2014J,85,5773
BBB_2014J,86,6163
BBB_2014J,87,6920
BBB_2014J,88,8346
BBB_2014J,89,7835
BBB_2014J,190,5647
BBB_2014J,191,7185
BBB_2014J,192,7099
BBB_2014J,193,6902
BBB_2014J,194,5540
BBB_2014J,195,6021
BBB_2014J,196,6823
BBB_2014J,197,9589
BBB_2014J,198,11135
BBB_2014J,199,11162
BBB_2014J,90,6603
BBB_2014J,91,7692
BBB_2014J,92,10015
BBB_2014J,93,12500
BBB_2014J,94,10400
BBB_2014J,95,11864
BBB_2014J,96,10055
BBB_2014J,97,8055
BBB_2014J,98,6761
BBB_2014J,99,8599
BBB_2014J,-1,5647
BBB_2014J,-2,7422
BBB_2014J,-3,6729
BBB_2014J,-4,8032
BBB_2014J,-5,11726
BBB_2014J,-6,8058
BBB_2014J,-7,7237
BBB_2014J,-8,10817
BBB_2014J,-9,24653
BBB_2014J,200,13835
BBB_2014J,201,7599
BBB_2014J,206,6319
BBB_2014J,212,5411
BBB_2014J,220,5308
BBB_2014J,100,9645
BBB_2014J,101,8267
BBB_2014J,102,6690
BBB_2014J,103,7732
BBB_2014J,104,7033
BBB_2014J,105,5815
BBB_2014J,226,5718
BBB_2014J,106,10064
BBB_2014J,227,5031
BBB_2014J,107,10952
BBB_2014J,228,5833
BBB_2014J,108,11300
BBB_2014J,109,11614
FFF_2013B,110,9551
FFF_2013B,111,8446
FFF_2013B,112,6953
FFF_2013B,113,7644
FFF_2013B,114,10902
FFF_2013B,115,14129
FFF_2013B,116,11926
FFF_2013B,117,11039
FFF_2013B,118,8530
FFF_2013B,119,8681
FFF_2013B,10,28470
FFF_2013B,11,24072
FFF_2013B,12,20170
FFF_2013B,13,19701
FFF_2013B,14,22968
FFF_2013B,15,35752
FFF_2013B,16,40688
FFF_2013B,17,43319
FFF_2013B,18,46913
FFF_2013B,19,32570
FFF_2013B,120,12746
FFF_2013B,0,21823
FFF_2013B,121,14956
FFF_2013B,1,32504
FFF_2013B,122,15238
FFF_2013B,2,30852
FFF_2013B,123,15737
FFF_2013B,3,28027
FFF_2013B,124,17851
FFF_2013B,4,25794
FFF_2013B,125,11683
FFF_2013B,5,23885
FFF_2013B,126,14042
FFF_2013B,6,14970
FFF_2013B,127,19551
FFF_2013B,7,19726
FFF_2013B,128,25131
FFF_2013B,8,26268
FFF_2013B,129,28337
FFF_2013B,9,28312
FFF_2013B,20,21254
FFF_2013B,21,20386
FFF_2013B,22,28798
FFF_2013B,23,29900
FFF_2013B,24,28526
FFF_2013B,25,24037
FFF_2013B,26,20450
FFF_2013B,27,15851
FFF_2013B,28,16766
FFF_2013B,29,23357
FFF_2013B,130,30671
FFF_2013B,131,21014
FFF_2013B,132,10637
FFF_2013B,133,13809
FFF_2013B,134,13868
FFF_2013B,135,19651
FFF_2013B,136,17317
FFF_2013B,137,16810
FFF_2013B,138,15368
FFF_2013B,139,12893
FFF_2013B,30,25190
FFF_2013B,31,22829
FFF_2013B,32,22037
FFF_2013B,33,20603
FFF_2013B,34,17193
FFF_2013B,35,18681
FFF_2013B,36,19395
FFF_2013B,37,23993
FFF_2013B,38,23565
FFF_2013B,39,20558
FFF_2013B,140,17659
FFF_2013B,141,17705
FFF_2013B,142,17149
FFF_2013B,143,18204
FFF_2013B,144,15079
FFF_2013B,145,15813
FFF_2013B,146,10664
FFF_2013B,147,11138
FFF_2013B,148,14008
FFF_2013B,149,17657
FFF_2013B,40,19634
FFF_2013B,41,16244
FFF_2013B,42,19173
FFF_2013B,43,24942
FFF_2013B,44,28436
FFF_2013B,45,32454
FFF_2013B,46,34733
FFF_2013B,47,30148
FFF_2013B,48,14898
FFF_2013B,49,17451
FFF_2013B,150,19314
FFF_2013B,151,14883
FFF_2013B,152,19913
FFF_2013B,153,12217
FFF_2013B,154,9332
FFF_2013B,155,10516
FFF_2013B,156,17362
FFF_2013B,157,15285
FFF_2013B,158,15615
FFF_2013B,159,13889
FFF_2013B,50,18172
FFF_2013B,51,20583
FFF_2013B,52,17446
FFF_2013B,53,15352
FFF_2013B,54,14198
FFF_2013B,55,13215
FFF_2013B,56,10386
FFF_2013B,57,10665
FFF_2013B,58,13346
FFF_2013B,59,13769
FFF_2013B,160,11705
FFF_2013B,161,11676
FFF_2013B,162,17900
FFF_2013B,163,21099
FFF_2013B,164,21590
FFF_2013B,165,26624
FFF_2013B,166,19167
FFF_2013B,167,10434
FFF_2013B,168,10427
FFF_2013B,169,14099
FFF_2013B,60,14280
FFF_2013B,61,12402
FFF_2013B,62,10026
FFF_2013B,63,10357
FFF_2013B,64,12722
FFF_2013B,65,13271
FFF_2013B,66,15018
FFF_2013B,67,14117
FFF_2013B,68,13834
FFF_2013B,69,10440
FFF_2013B,170,14966
FFF_2013B,171,13800
FFF_2013B,172,14205
FFF_2013B,173,10731
FFF_2013B,174,10290
FFF_2013B,175,9063
FFF_2013B,176,11927
FFF_2013B,177,13441
FFF_2013B,178,13121
FFF_2013B,179,12262
FFF_2013B,70,11391
FFF_2013B,71,13411
FFF_2013B,72,15472
FFF_2013B,73,15320
FFF_2013B,74,14518
FFF_2013B,75,13886
FFF_2013B,76,11049
FFF_2013B,77,10203
FFF_2013B,78,14602
FFF_2013B,79,17066
FFF_2013B,180,11756
FFF_2013B,181,9969
FFF_2013B,182,8193
FFF_2013B,183,14591
FFF_2013B,184,16733
FFF_2013B,185,15347
FFF_2013B,186,13869
FFF_2013B,187,11297
FFF_2013B,188,10121
FFF_2013B,189,9512
FFF_2013B,80,17895
FFF_2013B,81,16043
FFF_2013B,82,15065
FFF_2013B,83,12550
FFF_2013B,84,16844
FFF_2013B,85,20463
FFF_2013B,86,24144
FFF_2013B,87,24370
FFF_2013B,88,29914
FFF_2013B,89,21924
FFF_2013B,190,10741
FFF_2013B,191,13973
FFF_2013B,192,12954
FFF_2013B,193,11948
FFF_2013B,-10,10853
FFF_2013B,194,17288
FFF_2013B,-11,12044
FFF_2013B,195,11934
FFF_2013B,-12,11883
FFF_2013B,196,13065
FFF_2013B,-13,8997
FFF_2013B,197,14280
FFF_2013B,-14,8554
FFF_2013B,198,14989
FFF_2013B,-15,9579
FFF_2013B,199,15274
FFF_2013B,-16,12768
FFF_2013B,-17,15232
FFF_2013B,-18,29371
FFF_2013B,90,13147
FFF_2013B,91,11390
FFF_2013B,92,11870
FFF_2013B,93,14025
FFF_2013B,94,16524
FFF_2013B,95,16050
FFF_2013B,96,15387
FFF_2013B,97,8281
FFF_2013B,98,9530
FFF_2013B,99,11427
FFF_2013B,-1,19182
FFF_2013B,-2,16306
FFF_2013B,-3,16737
FFF_2013B,-4,16281
FFF_2013B,-5,15440
FFF_2013B,-6,10388
FFF_2013B,-7,7207
FFF_2013B,-8,7662
FFF_2013B,-9,11077
FFF_2013B,200,15661
FFF_2013B,201,16586
FFF_2013B,202,10677
FFF_2013B,203,13554
FFF_2013B,204,14569
FFF_2013B,205,18246
FFF_2013B,206,23728
FFF_2013B,207,18433
FFF_2013B,208,17298
FFF_2013B,209,11877
FFF_2013B,210,16109
FFF_2013B,211,19706
FFF_2013B,212,25226
FFF_2013B,213,25025
FFF_2013B,214,25702
FFF_2013B,215,22665
FFF_2013B,216,21844
FFF_2013B,217,26676
FFF_2013B,218,37463
FFF_2013B,219,41007
FFF_2013B,220,43986
FFF_2013B,100,14757
FFF_2013B,221,56837
FFF_2013B,101,14719
FFF_2013B,222,45747
FFF_2013B,102,12853
FFF_2013B,103,11420
FFF_2013B,104,8326
FFF_2013B,105,10495
FFF_2013B,106,9960
FFF_2013B,107,11085
FFF_2013B,108,11348
FFF_2013B,109,10716
DDD_2013B,113,6210
DDD_2013B,114,9629
DDD_2013B,115,10805
DDD_2013B,116,11087
DDD_2013B,117,6763
DDD_2013B,118,5085
DDD_2013B,119,5284
DDD_2013B,10,9702
DDD_2013B,11,9139
DDD_2013B,12,8824
DDD_2013B,13,7950
DDD_2013B,14,7550
DDD_2013B,15,9722
DDD_2013B,16,14292
DDD_2013B,17,12776
DDD_2013B,18,14365
DDD_2013B,19,12992
DDD_2013B,120,6810
DDD_2013B,0,8403
DDD_2013B,121,8699
DDD_2013B,1,10873
DDD_2013B,122,8845
DDD_2013B,2,13183
DDD_2013B,123,8810
DDD_2013B,3,12481
DDD_2013B,124,7357
DDD_2013B,4,10782
DDD_2013B,125,6162
DDD_2013B,5,9930
DDD_2013B,126,5532
DDD_2013B,6,7496
DDD_2013B,127,6370
DDD_2013B,7,7724
DDD_2013B,128,8159
DDD_2013B,8,10102
DDD_2013B,129,9066
DDD_2013B,9,11960
DDD_2013B,20,11563
DDD_2013B,21,10731
DDD_2013B,22,16262
DDD_2013B,23,17734
DDD_2013B,24,18871
DDD_2013B,25,16084
DDD_2013B,26,10067
DDD_2013B,27,7723
DDD_2013B,28,7262
DDD_2013B,29,9322
DDD_2013B,130,7236
DDD_2013B,131,7281
DDD_2013B,132,5397
DDD_2013B,134,5727
DDD_2013B,135,8515
DDD_2013B,136,7407
DDD_2013B,137,6646
DDD_2013B,138,6631
DDD_2013B,139,5223
DDD_2013B,30,10715
DDD_2013B,31,8833
DDD_2013B,32,8252
DDD_2013B,33,8003
DDD_2013B,34,6002
DDD_2013B,35,5204
DDD_2013B,36,5703
DDD_2013B,37,7615
DDD_2013B,38,6777
DDD_2013B,39,6440
DDD_2013B,140,6082
DDD_2013B,141,6241
DDD_2013B,142,7304
DDD_2013B,143,6729
DDD_2013B,144,6507
DDD_2013B,145,6471
DDD_2013B,146,5447
DDD_2013B,147,5211
DDD_2013B,148,7735
DDD_2013B,149,9773
DDD_2013B,40,5665
DDD_2013B,42,5426
DDD_2013B,43,6066
DDD_2013B,44,7917
DDD_2013B,45,7293
DDD_2013B,46,7912
DDD_2013B,47,8334
DDD_2013B,48,7214
DDD_2013B,49,9146
DDD_2013B,150,9423
DDD_2013B,151,9139
DDD_2013B,50,11769
DDD_2013B,51,14659
DDD_2013B,52,15609
DDD_2013B,53,11375
DDD_2013B,68,5816
DDD_2013B,72,5301
DDD_2013B,73,5635
DDD_2013B,77,5377
DDD_2013B,78,8967
DDD_2013B,79,10297
DDD_2013B,80,9334
DDD_2013B,81,7766
DDD_2013B,-15,6649
DDD_2013B,199,5968
DDD_2013B,-16,8414
DDD_2013B,-1,8947
DDD_2013B,-2,7522
DDD_2013B,-3,7317
DDD_2013B,-4,8016
DDD_2013B,-5,9505
DDD_2013B,-6,7022
DDD_2013B,-7,6549
DDD_2013B,-8,6531
DDD_2013B,-9,7153
DDD_2013B,200,5108
DDD_2013B,226,9070
DDD_2013B,107,5177
EEE_2014B,115,5634
EEE_2014B,116,6027
EEE_2014B,10,6695
EEE_2014B,11,6006
EEE_2014B,14,5896
EEE_2014B,15,9037
EEE_2014B,16,10485
EEE_2014B,17,9760
EEE_2014B,18,11887
EEE_2014B,19,15547
EEE_2014B,1,6846
EEE_2014B,2,7602
EEE_2014B,123,5643
EEE_2014B,3,5612
EEE_2014B,4,5917
EEE_2014B,128,6930
EEE_2014B,8,5492
EEE_2014B,129,5757
EEE_2014B,9,6074
EEE_2014B,23,5017
EEE_2014B,24,5158
EEE_2014B,25,5630
EEE_2014B,29,6030
EEE_2014B,130,6327
EEE_2014B,131,5413
EEE_2014B,134,5459
EEE_2014B,135,6989
EEE_2014B,136,5920
EEE_2014B,137,6443
EEE_2014B,138,5619
EEE_2014B,30,7500
EEE_2014B,31,8134
EEE_2014B,32,8266
EEE_2014B,33,6316
EEE_2014B,141,7275
EEE_2014B,142,8037
EEE_2014B,143,7849
EEE_2014B,144,7492
EEE_2014B,145,6746
EEE_2014B,146,5330
EEE_2014B,147,5629
EEE_2014B,148,8571
EEE_2014B,149,9593
EEE_2014B,150,11443
EEE_2014B,151,11757
EEE_2014B,152,7940
EEE_2014B,65,5882
EEE_2014B,66,6171
EEE_2014B,67,6209
EEE_2014B,68,5423
GGG_2014B,220,5451
GGG_2014B,221,7405
AAA_2013J,10,5532
AAA_2013J,11,6336
AAA_2013J,12,5583
AAA_2013J,15,6675
AAA_2013J,16,7774
AAA_2013J,17,7252
AAA_2013J,18,7881
AAA_2013J,19,6518
AAA_2013J,1,5483
AAA_2013J,2,5327
AAA_2013J,3,5249
AAA_2013J,8,5317
AAA_2013J,9,5973
AAA_2013J,-10,11952
AAA_2013J,-5,5703
AAA_2013J,-9,5649
BBB_2014B,114,5769
BBB_2014B,115,5723
BBB_2014B,116,7189
BBB_2014B,117,5575
BBB_2014B,10,8897
BBB_2014B,11,9798
BBB_2014B,12,7103
BBB_2014B,13,5461
BBB_2014B,16,6347
BBB_2014B,17,6248
BBB_2014B,18,5196
BBB_2014B,0,6608
BBB_2014B,1,5478
BBB_2014B,2,12010
BBB_2014B,3,9452
BBB_2014B,4,7953
BBB_2014B,5,6053
BBB_2014B,6,5824
BBB_2014B,7,6231
BBB_2014B,8,7444
BBB_2014B,9,9612
BBB_2014B,22,5824
BBB_2014B,23,9192
BBB_2014B,24,8333
BBB_2014B,25,7545
BBB_2014B,26,7205
BBB_2014B,30,5435
BBB_2014B,31,5752
BBB_2014B,32,5270
BBB_2014B,36,5366
BBB_2014B,37,7970
BBB_2014B,38,7729
BBB_2014B,39,8670
BBB_2014B,149,5799
BBB_2014B,40,6185
BBB_2014B,44,5203
BBB_2014B,45,6185
BBB_2014B,46,6510
BBB_2014B,47,5979
BBB_2014B,150,6373
BBB_2014B,151,7571
BBB_2014B,152,7399
BBB_2014B,78,5528
BBB_2014B,79,6090
BBB_2014B,80,5892
BBB_2014B,81,8599
BBB_2014B,82,6584
BBB_2014B,191,5228
BBB_2014B,193,6740
BBB_2014B,194,6502
BBB_2014B,-9,8650
BBB_2014B,219,9264
BBB_2014B,220,5158
DDD_2013J,230,8556
DDD_2013J,231,9382
DDD_2013J,232,13290
DDD_2013J,233,21474
DDD_2013J,234,8198
DDD_2013J,114,6551
DDD_2013J,115,6019
DDD_2013J,116,6037
DDD_2013J,117,5176
DDD_2013J,119,5991
DDD_2013J,10,13840
DDD_2013J,11,11759
DDD_2013J,12,9704
DDD_2013J,13,8058
DDD_2013J,14,8498
DDD_2013J,15,10793
DDD_2013J,16,13887
DDD_2013J,17,12904
DDD_2013J,18,12388
DDD_2013J,19,10345
DDD_2013J,120,8132
DDD_2013J,0,12929
DDD_2013J,121,10600
DDD_2013J,1,12246
DDD_2013J,122,12215
DDD_2013J,2,15356
DDD_2013J,123,10880
DDD_2013J,3,13489
DDD_2013J,124,7167
DDD_2013J,4,14037
DDD_2013J,125,5834
DDD_2013J,5,11356
DDD_2013J,126,7560
DDD_2013J,6,10712
DDD_2013J,127,7502
DDD_2013J,7,9621
DDD_2013J,128,10160
DDD_2013J,8,10850
DDD_2013J,129,10955
DDD_2013J,9,15510
DDD_2013J,20,10897
DDD_2013J,21,12192
DDD_2013J,22,15502
DDD_2013J,23,18860
DDD_2013J,24,20314
DDD_2013J,25,16611
DDD_2013J,26,10947
DDD_2013J,27,8828
DDD_2013J,28,8208
DDD_2013J,29,9671
DDD_2013J,130,9870
DDD_2013J,131,7952
DDD_2013J,132,6981
DDD_2013J,133,6820
DDD_2013J,134,9018
DDD_2013J,135,10607
DDD_2013J,136,9646
DDD_2013J,137,8573
DDD_2013J,138,8761
DDD_2013J,139,7498
DDD_2013J,30,11929
DDD_2013J,31,11927
DDD_2013J,32,10406
DDD_2013J,33,7905
DDD_2013J,34,7389
DDD_2013J,35,6144
DDD_2013J,36,7740
DDD_2013J,37,9117
DDD_2013J,38,8244
DDD_2013J,39,8058
DDD_2013J,140,6939
DDD_2013J,141,6549
DDD_2013J,142,8467
DDD_2013J,143,8234
DDD_2013J,144,7521
DDD_2013J,145,7822
DDD_2013J,146,6818
DDD_2013J,147,6283
DDD_2013J,148,6837
DDD_2013J,149,7971
DDD_2013J,40,7968
DDD_2013J,41,6059
DDD_2013J,42,6179
DDD_2013J,43,14208
DDD_2013J,44,10834
DDD_2013J,45,9652
DDD_2013J,46,8890
DDD_2013J,47,7693
DDD_2013J,48,7042
DDD_2013J,49,7730
DDD_2013J,150,7218
DDD_2013J,151,5881
DDD_2013J,152,5741
DDD_2013J,153,5141
DDD_2013J,155,5056
DDD_2013J,156,7273
DDD_2013J,157,6389
DDD_2013J,158,6246
DDD_2013J,159,6236
DDD_2013J,50,11119
DDD_2013J,51,14751
DDD_2013J,52,18289
DDD_2013J,53,12736
DDD_2013J,58,6137
DDD_2013J,59,5337
DDD_2013J,160,5407
DDD_2013J,161,5666
DDD_2013J,162,7155
DDD_2013J,163,9594
DDD_2013J,164,11433
DDD_2013J,165,9089
DDD_2013J,60,5169
DDD_2013J,82,5552
DDD_2013J,84,5830
DDD_2013J,85,7554
DDD_2013J,86,8189
DDD_2013J,87,10436
DDD_2013J,88,8648
DDD_2013J,-10,6611
DDD_2013J,-11,6289
DDD_2013J,-12,6526
DDD_2013J,-13,5751
DDD_2013J,-16,6965
DDD_2013J,-17,10184
DDD_2013J,-18,21611
DDD_2013J,93,5219
DDD_2013J,94,5499
DDD_2013J,95,5239
DDD_2013J,-1,8572
DDD_2013J,-2,9539
DDD_2013J,-3,9839
DDD_2013J,-4,10097
DDD_2013J,-5,9861
DDD_2013J,-6,7618
DDD_2013J,-7,7472
DDD_2013J,-9,5673
DDD_2013J,205,6513
DDD_2013J,206,10249
DDD_2013J,207,8452
DDD_2013J,208,5960
DDD_2013J,209,5328
DDD_2013J,212,6704
DDD_2013J,213,8373
DDD_2013J,214,6681
DDD_2013J,215,6982
DDD_2013J,216,6153
DDD_2013J,219,7749
DDD_2013J,220,7520
DDD_2013J,221,6144
DDD_2013J,222,6692
DDD_2013J,223,5805
DDD_2013J,225,5606
DDD_2013J,226,8987
DDD_2013J,227,9078
DDD_2013J,228,10120
DDD_2013J,229,10141
FFF_2013J,230,18385
FFF_2013J,110,15511
FFF_2013J,231,24434
FFF_2013J,111,12276
FFF_2013J,232,30691
FFF_2013J,112,10667
FFF_2013J,233,48401
FFF_2013J,113,15851
FFF_2013J,234,49777
FFF_2013J,114,17726
FFF_2013J,235,54672
FFF_2013J,115,14170
FFF_2013J,236,45182
FFF_2013J,116,13888
FFF_2013J,117,12579
FFF_2013J,118,9280
FFF_2013J,119,9224
FFF_2013J,10,31092
FFF_2013J,11,33167
FFF_2013J,12,30842
FFF_2013J,13,25370
FFF_2013J,14,30388
FFF_2013J,15,40649
FFF_2013J,16,50926
FFF_2013J,17,51244
FFF_2013J,18,58175
FFF_2013J,19,41858
FFF_2013J,120,12637
FFF_2013J,0,35087
FFF_2013J,121,15537
FFF_2013J,1,36598
FFF_2013J,122,15641
FFF_2013J,2,41579
FFF_2013J,123,15129
FFF_2013J,3,41343
FFF_2013J,124,15508
FFF_2013J,4,36903
FFF_2013J,125,11271
FFF_2013J,5,31376
FFF_2013J,126,15118
FFF_2013J,6,28101
FFF_2013J,127,20662
FFF_2013J,7,26232
FFF_2013J,128,24541
FFF_2013J,8,33541
FFF_2013J,129,33082
FFF_2013J,9,38851
FFF_2013J,20,29291
FFF_2013J,21,29823
FFF_2013J,22,33314
FFF_2013J,23,37715
FFF_2013J,24,33818
FFF_2013J,25,28925
FFF_2013J,26,25545
FFF_2013J,27,22559
FFF_2013J,28,22223
FFF_2013J,29,29505
FFF_2013J,130,38763
FFF_2013J,131,24837
FFF_2013J,132,11662
FFF_2013J,133,11987
FFF_2013J,134,16380
FFF_2013J,135,19734
FFF_2013J,136,17757
FFF_2013J,137,18619
FFF_2013J,138,17883
FFF_2013J,139,15331
FFF_2013J,30,32858
FFF_2013J,31,31528
FFF_2013J,32,28288
FFF_2013J,33,26266
FFF_2013J,34,20570
FFF_2013J,35,21045
FFF_2013J,36,27288
FFF_2013J,37,30383
FFF_2013J,38,28581
FFF_2013J,39,28585
FFF_2013J,140,14292
FFF_2013J,141,19530
FFF_2013J,142,23181
FFF_2013J,143,23253
FFF_2013J,144,20861
FFF_2013J,145,17321
FFF_2013J,146,14377
FFF_2013J,147,15520
FFF_2013J,148,17794
FFF_2013J,149,21647
FFF_2013J,40,25831
FFF_2013J,41,18809
FFF_2013J,42,19613
FFF_2013J,43,29945
FFF_2013J,44,35649
FFF_2013J,45,34168
FFF_2013J,46,42867
FFF_2013J,47,36037
FFF_2013J,48,18769
FFF_2013J,49,18705
FFF_2013J,150,20236
FFF_2013J,151,20558
FFF_2013J,152,25790
FFF_2013J,153,15106
FFF_2013J,154,16258
FFF_2013J,155,21824
FFF_2013J,156,22142
FFF_2013J,157,18613
FFF_2013J,158,19518
FFF_2013J,159,15422
FFF_2013J,50,24590
FFF_2013J,51,24757
FFF_2013J,52,23978
FFF_2013J,53,27192
FFF_2013J,54,22389
FFF_2013J,55,15010
FFF_2013J,56,14641
FFF_2013J,57,17431
FFF_2013J,58,20027
FFF_2013J,59,18028
FFF_2013J,160,11651
FFF_2013J,161,10562
FFF_2013J,162,13680
FFF_2013J,163,18801
FFF_2013J,164,18276
FFF_2013J,165,17802
FFF_2013J,166,16110
FFF_2013J,167,14438
FFF_2013J,168,14220
FFF_2013J,169,18768
FFF_2013J,60,16655
FFF_2013J,61,14335
FFF_2013J,62,12614
FFF_2013J,63,10931
FFF_2013J,64,14851
FFF_2013J,65,19892
FFF_2013J,66,18902
FFF_2013J,67,15383
FFF_2013J,68,14568
FFF_2013J,69,9253
FFF_2013J,170,24111
FFF_2013J,171,25711
FFF_2013J,172,30392
FFF_2013J,173,22934
FFF_2013J,174,10315
FFF_2013J,175,9061
FFF_2013J,176,9230
FFF_2013J,177,17497
FFF_2013J,178,14902
FFF_2013J,179,16473
FFF_2013J,70,9936
FFF_2013J,71,13024
FFF_2013J,72,16406
FFF_2013J,73,16161
FFF_2013J,74,13054
FFF_2013J,75,11607
FFF_2013J,76,7261
FFF_2013J,77,6458
FFF_2013J,78,9338
FFF_2013J,79,8255
FFF_2013J,180,16282
FFF_2013J,181,11150
FFF_2013J,182,9832
FFF_2013J,183,13133
FFF_2013J,184,15835
FFF_2013J,185,14088
FFF_2013J,186,10888
FFF_2013J,187,9288
FFF_2013J,188,10938
FFF_2013J,189,9257
FFF_2013J,83,8915
FFF_2013J,84,10902
FFF_2013J,85,12052
FFF_2013J,86,15882
FFF_2013J,87,12068
FFF_2013J,88,10315
FFF_2013J,89,19705
FFF_2013J,190,9283
FFF_2013J,191,12191
FFF_2013J,192,11388
FFF_2013J,193,13315
FFF_2013J,-10,10554
FFF_2013J,194,12721
FFF_2013J,-11,9773
FFF_2013J,195,9985
FFF_2013J,-12,11526
FFF_2013J,196,9171
FFF_2013J,-13,8745
FFF_2013J,197,10796
FFF_2013J,-14,6434
FFF_2013J,198,13045
FFF_2013J,-15,7730
FFF_2013J,199,13111
FFF_2013J,-16,11305
FFF_2013J,-17,13601
FFF_2013J,-18,26322
FFF_2013J,90,17452
FFF_2013J,91,17611
FFF_2013J,92,25144
FFF_2013J,93,27303
FFF_2013J,94,31043
FFF_2013J,95,36325
FFF_2013J,96,33876
FFF_2013J,97,17257
FFF_2013J,98,17089
FFF_2013J,99,20154
FFF_2013J,-1,27977
FFF_2013J,-2,24186
FFF_2013J,-3,12734
FFF_2013J,-4,15182
FFF_2013J,-5,11126
FFF_2013J,-6,8835
FFF_2013J,-7,7790
FFF_2013J,-8,8423
FFF_2013J,-9,9547
FFF_2013J,200,14344
FFF_2013J,201,12226
FFF_2013J,202,9537
FFF_2013J,203,11448
FFF_2013J,204,13700
FFF_2013J,205,15686
FFF_2013J,206,14879
FFF_2013J,207,13052
FFF_2013J,208,20994
FFF_2013J,209,12739
FFF_2013J,210,11108
FFF_2013J,211,16113
FFF_2013J,212,25031
FFF_2013J,213,24169
FFF_2013J,214,22252
FFF_2013J,215,18654
FFF_2013J,216,14464
FFF_2013J,217,19690
FFF_2013J,218,23997
FFF_2013J,219,23244
FFF_2013J,220,17923
FFF_2013J,100,22843
FFF_2013J,221,18734
FFF_2013J,101,19515
FFF_2013J,222,17396
FFF_2013J,102,20412
FFF_2013J,223,14293
FFF_2013J,103,19205
FFF_2013J,224,18449
FFF_2013J,104,16734
FFF_2013J,225,21239
FFF_2013J,105,14010
FFF_2013J,226,26088
FFF_2013J,106,17707
FFF_2013J,227,23943
FFF_2013J,107,21113
FFF_2013J,228,21172
FFF_2013J,108,17467
FFF_2013J,229,21865
FFF_2013J,109,17948
GGG_2014J,228,6419
EEE_2014J,232,5062
EEE_2014J,233,8954
EEE_2014J,234,9470
EEE_2014J,114,5456
EEE_2014J,115,6044
EEE_2014J,116,6048
EEE_2014J,117,5957
EEE_2014J,118,5009
EEE_2014J,10,12262
EEE_2014J,11,11262
EEE_2014J,12,10937
EEE_2014J,13,9945
EEE_2014J,14,10757
EEE_2014J,15,16325
EEE_2014J,16,20986
EEE_2014J,17,19405
EEE_2014J,18,21311
EEE_2014J,19,23674
EEE_2014J,120,6178
EEE_2014J,0,8998
EEE_2014J,121,6635
EEE_2014J,1,10599
EEE_2014J,122,5997
EEE_2014J,2,14193
EEE_2014J,123,6180
EEE_2014J,3,12651
EEE_2014J,124,6422
EEE_2014J,4,10512
EEE_2014J,5,11258
EEE_2014J,126,5947
EEE_2014J,6,7862
EEE_2014J,127,8405
EEE_2014J,7,6864
EEE_2014J,128,10904
EEE_2014J,8,11449
EEE_2014J,129,11339
EEE_2014J,9,12668
EEE_2014J,20,6907
EEE_2014J,21,5232
EEE_2014J,22,8913
EEE_2014J,23,9462
EEE_2014J,24,9114
EEE_2014J,25,7619
EEE_2014J,26,6575
EEE_2014J,27,5904
EEE_2014J,28,6489
EEE_2014J,29,10868
EEE_2014J,130,12714
EEE_2014J,131,8719
EEE_2014J,134,6084
EEE_2014J,135,8604
EEE_2014J,136,8153
EEE_2014J,137,7924
EEE_2014J,138,8448
EEE_2014J,139,6752
EEE_2014J,30,12871
EEE_2014J,31,13530
EEE_2014J,32,14138
EEE_2014J,33,10808
EEE_2014J,36,5198
EEE_2014J,37,7351
EEE_2014J,38,6599
EEE_2014J,39,6061
EEE_2014J,140,6247
EEE_2014J,141,9493
EEE_2014J,142,10933
EEE_2014J,143,11217
EEE_2014J,144,8899
EEE_2014J,145,8966
EEE_2014J,146,7426
EEE_2014J,147,6307
EEE_2014J,148,9833
EEE_2014J,149,11539
EEE_2014J,40,6033
EEE_2014J,43,6645
EEE_2014J,44,8170
EEE_2014J,45,7519
EEE_2014J,46,7583
EEE_2014J,47,7540
EEE_2014J,48,5784
EEE_2014J,49,5030
EEE_2014J,150,10563
EEE_2014J,151,10347
EEE_2014J,152,10400
EEE_2014J,153,8153
EEE_2014J,154,9328
EEE_2014J,155,10554
EEE_2014J,156,13985
EEE_2014J,157,13612
EEE_2014J,158,13045
EEE_2014J,159,11935
EEE_2014J,50,6940
EEE_2014J,51,8774
EEE_2014J,52,6745
EEE_2014J,53,6501
EEE_2014J,54,5556
EEE_2014J,57,6021
EEE_2014J,58,8091
EEE_2014J,59,7421
EEE_2014J,160,11137
EEE_2014J,161,13028
EEE_2014J,162,16386
EEE_2014J,163,23052
EEE_2014J,164,23404
EEE_2014J,165,26164
EEE_2014J,166,16680
EEE_2014J,60,7824
EEE_2014J,61,6910
EEE_2014J,62,5114
EEE_2014J,63,6418
EEE_2014J,64,10669
EEE_2014J,65,11888
EEE_2014J,66,13369
EEE_2014J,67,16395
EEE_2014J,68,10450
EEE_2014J,-17,5341
EEE_2014J,-18,8378
EEE_2014J,-1,5984
EEE_2014J,-2,5389
EEE_2014J,-3,5544
EEE_2014J,-4,5487
EEE_2014J,-5,5001
EEE_2014J,204,5297
EEE_2014J,205,6885
EEE_2014J,206,7218
EEE_2014J,207,7904
EEE_2014J,208,6862
EEE_2014J,228,5388
EEE_2013J,233,6729
EEE_2013J,113,6627
EEE_2013J,234,9257
EEE_2013J,114,7198
EEE_2013J,115,6195
EEE_2013J,116,6106
EEE_2013J,117,5965
EEE_2013J,119,5698
EEE_2013J,10,11067
EEE_2013J,11,9980
EEE_2013J,12,13396
EEE_2013J,13,12749
EEE_2013J,14,11131
EEE_2013J,15,18639
EEE_2013J,16,21509
EEE_2013J,17,21028
EEE_2013J,18,22707
EEE_2013J,19,25061
EEE_2013J,120,8450
EEE_2013J,0,8369
EEE_2013J,121,11843
EEE_2013J,1,9816
EEE_2013J,122,12349
EEE_2013J,2,14378
EEE_2013J,123,13484
EEE_2013J,3,12680
EEE_2013J,124,9245
EEE_2013J,4,11932
EEE_2013J,5,9286
EEE_2013J,6,6866
EEE_2013J,127,6681
EEE_2013J,7,6759
EEE_2013J,128,7604
EEE_2013J,8,10655
EEE_2013J,129,7170
EEE_2013J,9,11528
EEE_2013J,20,6751
EEE_2013J,21,6443
EEE_2013J,22,8351
EEE_2013J,23,9491
EEE_2013J,24,9116
EEE_2013J,25,8355
EEE_2013J,26,8026
EEE_2013J,27,6498
EEE_2013J,28,7298
EEE_2013J,29,12413
EEE_2013J,130,7286
EEE_2013J,131,7257
EEE_2013J,133,6155
EEE_2013J,134,8407
EEE_2013J,135,10334
EEE_2013J,136,9779
EEE_2013J,137,9346
EEE_2013J,138,9133
EEE_2013J,139,6791
EEE_2013J,30,14468
EEE_2013J,31,15705
EEE_2013J,32,16822
EEE_2013J,33,11433
EEE_2013J,36,5003
EEE_2013J,37,6705
EEE_2013J,38,6199
EEE_2013J,39,5298
EEE_2013J,140,7028
EEE_2013J,141,9523
EEE_2013J,142,9979
EEE_2013J,143,10345
EEE_2013J,144,9707
EEE_2013J,145,8695
EEE_2013J,146,5957
EEE_2013J,147,8015
EEE_2013J,148,10184
EEE_2013J,149,10919
EEE_2013J,40,5402
EEE_2013J,43,5610
EEE_2013J,44,7411
EEE_2013J,45,7112
EEE_2013J,46,7456
EEE_2013J,47,7178
EEE_2013J,48,5830
EEE_2013J,150,11595
EEE_2013J,151,13600
EEE_2013J,152,11316
EEE_2013J,153,9925
EEE_2013J,154,10285
EEE_2013J,155,15272
EEE_2013J,156,20274
EEE_2013J,157,19660
EEE_2013J,158,22102
EEE_2013J,159,12984
EEE_2013J,50,7226
EEE_2013J,51,7952
EEE_2013J,52,7275
EEE_2013J,53,7403
EEE_2013J,54,6387
EEE_2013J,57,5986
EEE_2013J,58,7629
EEE_2013J,59,6756
EEE_2013J,164,5353
EEE_2013J,60,6403
EEE_2013J,61,5371
EEE_2013J,64,7168
EEE_2013J,65,10626
EEE_2013J,66,11365
EEE_2013J,67,12303
EEE_2013J,68,8688
EEE_2013J,87,5727
EEE_2013J,191,5410
EEE_2013J,192,5888
EEE_2013J,193,7460
EEE_2013J,-10,7380
EEE_2013J,194,7037
EEE_2013J,-11,11011
EEE_2013J,-1,7186
EEE_2013J,-2,7506
EEE_2013J,-3,7864
EEE_2013J,-4,7741
EEE_2013J,-5,7280
EEE_2013J,-9,5547
EEE_2013J,101,5081
EEE_2013J,107,6125
EEE_2013J,108,5909
GGG_2013J,226,5548
GGG_2013J,227,6347
GGG_2013J,228,6925
CCC_2014B,114,5029
CCC_2014B,115,5330
CCC_2014B,117,6135
CCC_2014B,10,17275
CCC_2014B,11,16293
CCC_2014B,12,15136
CCC_2014B,13,15006
CCC_2014B,14,18728
CCC_2014B,15,24239
CCC_2014B,16,32470
CCC_2014B,17,39567
CCC_2014B,18,42454
CCC_2014B,19,9509
CCC_2014B,0,14640
CCC_2014B,121,5699
CCC_2014B,1,15525
CCC_2014B,122,5874
CCC_2014B,2,15966
CCC_2014B,123,6566
CCC_2014B,3,16406
CCC_2014B,124,5426
CCC_2014B,4,15660
CCC_2014B,5,15061
CCC_2014B,6,11468
CCC_2014B,127,5467
CCC_2014B,7,11541
CCC_2014B,128,6925
CCC_2014B,8,15910
CCC_2014B,129,6992
CCC_2014B,9,15766
CCC_2014B,20,6521
CCC_2014B,21,6545
CCC_2014B,22,7069
CCC_2014B,23,8726
CCC_2014B,24,9663
CCC_2014B,25,10152
CCC_2014B,26,8465
CCC_2014B,27,7677
CCC_2014B,28,6980
CCC_2014B,29,10809
CCC_2014B,130,6529
CCC_2014B,131,6862
CCC_2014B,132,8003
CCC_2014B,133,9777
CCC_2014B,134,14789
CCC_2014B,135,21905
CCC_2014B,136,27802
CCC_2014B,137,37174
CCC_2014B,30,14215
CCC_2014B,31,15250
CCC_2014B,32,12874
CCC_2014B,33,8689
CCC_2014B,34,6340
CCC_2014B,36,5494
CCC_2014B,37,7804
CCC_2014B,38,7540
CCC_2014B,39,6079
CCC_2014B,148,5173
CCC_2014B,149,5851
CCC_2014B,40,6024
CCC_2014B,43,5147
CCC_2014B,44,5803
CCC_2014B,45,8035
CCC_2014B,46,6851
CCC_2014B,47,5763
CCC_2014B,150,5412
CCC_2014B,151,5150
CCC_2014B,50,6329
CCC_2014B,51,6982
CCC_2014B,52,6468
CCC_2014B,53,6282
CCC_2014B,54,5745
CCC_2014B,56,6582
CCC_2014B,57,5877
CCC_2014B,58,7906
CCC_2014B,59,7899
CCC_2014B,163,5061
CCC_2014B,60,8018
CCC_2014B,61,10600
CCC_2014B,62,7231
CCC_2014B,63,11704
CCC_2014B,64,17535
CCC_2014B,65,21831
CCC_2014B,66,25642
CCC_2014B,67,36841
CCC_2014B,184,5347
CCC_2014B,191,5347
CCC_2014B,192,5827
CCC_2014B,193,6010
CCC_2014B,194,6738
CCC_2014B,196,7497
CCC_2014B,197,10326
CCC_2014B,198,10429
CCC_2014B,199,11472
CCC_2014B,-18,11807
CCC_2014B,94,5877
CCC_2014B,95,6609
CCC_2014B,96,6785
CCC_2014B,97,5461
CCC_2014B,98,5994
CCC_2014B,99,9142
CCC_2014B,-2,5309
CCC_2014B,-4,5388
CCC_2014B,-5,5303
CCC_2014B,-9,5265
CCC_2014B,200,10141
CCC_2014B,201,9010
CCC_2014B,202,6920
CCC_2014B,203,8050
CCC_2014B,204,8046
CCC_2014B,205,15134
CCC_2014B,206,20644
CCC_2014B,207,26953
CCC_2014B,208,7266
CCC_2014B,209,5258
CCC_2014B,210,5753
CCC_2014B,211,5679
CCC_2014B,212,7155
CCC_2014B,213,8348
CCC_2014B,214,7459
CCC_2014B,215,6815
CCC_2014B,216,7733
CCC_2014B,217,6346
CCC_2014B,220,9804
CCC_2014B,100,10700
CCC_2014B,221,12649
CCC_2014B,101,10997
CCC_2014B,222,11492
CCC_2014B,102,8909
CCC_2014B,223,9272
CCC_2014B,103,5306
CCC_2014B,224,10718
CCC_2014B,225,13265
CCC_2014B,226,16654
CCC_2014B,227,22173
CCC_2014B,107,5849
CCC_2014B,228,10475
CCC_2014B,108,5396
CCC_2014B,109,5119
BBB_2013B,10,10494
BBB_2013B,11,11019
BBB_2013B,12,7436
BBB_2013B,13,9296
BBB_2013B,14,7772
BBB_2013B,15,11667
BBB_2013B,16,14462
BBB_2013B,17,14735
BBB_2013B,18,15733
BBB_2013B,19,12728
BBB_2013B,0,8488
BBB_2013B,121,5916
BBB_2013B,1,10469
BBB_2013B,122,6733
BBB_2013B,2,21256
BBB_2013B,123,8230
BBB_2013B,3,15853
BBB_2013B,124,7123
BBB_2013B,4,14584
BBB_2013B,5,11603
BBB_2013B,6,8086
BBB_2013B,7,8313
BBB_2013B,8,11048
BBB_2013B,9,13282
BBB_2013B,20,8601
BBB_2013B,21,5909
BBB_2013B,22,8515
BBB_2013B,23,10156
BBB_2013B,24,8989
BBB_2013B,25,8528
BBB_2013B,26,9869
BBB_2013B,27,7087
BBB_2013B,28,5918
BBB_2013B,29,6984
BBB_2013B,30,12529
BBB_2013B,31,9881
BBB_2013B,32,9070
BBB_2013B,33,9095
BBB_2013B,34,7540
BBB_2013B,35,5789
BBB_2013B,36,5877
BBB_2013B,37,8944
BBB_2013B,38,8837
BBB_2013B,39,8367
BBB_2013B,149,5009
BBB_2013B,40,8585
BBB_2013B,41,6765
BBB_2013B,42,7660
BBB_2013B,43,8971
BBB_2013B,44,12074
BBB_2013B,45,10988
BBB_2013B,46,12715
BBB_2013B,47,9869
BBB_2013B,48,7132
BBB_2013B,49,8592
BBB_2013B,156,6596
BBB_2013B,157,6319
BBB_2013B,158,8656
BBB_2013B,159,9637
BBB_2013B,50,9638
BBB_2013B,51,10357
BBB_2013B,52,8374
BBB_2013B,53,9291
BBB_2013B,54,8539
BBB_2013B,55,6337
BBB_2013B,58,5093
BBB_2013B,59,7651
BBB_2013B,60,5363
BBB_2013B,72,6851
BBB_2013B,73,5468
BBB_2013B,74,5648
BBB_2013B,75,5418
BBB_2013B,79,7208
BBB_2013B,184,5018
BBB_2013B,185,5475
BBB_2013B,186,6522
BBB_2013B,187,6349
BBB_2013B,80,5980
BBB_2013B,81,5544
BBB_2013B,82,5820
BBB_2013B,83,5052
BBB_2013B,85,6431
BBB_2013B,86,8208
BBB_2013B,87,7414
BBB_2013B,88,9738
BBB_2013B,89,9175
BBB_2013B,94,5295
BBB_2013B,95,5795
BBB_2013B,-1,5793
BBB_2013B,-2,5504
BBB_2013B,-3,6569
BBB_2013B,-4,7104
BBB_2013B,-5,8640
BBB_2013B,-6,6354
BBB_2013B,-7,5196
BBB_2013B,-8,8255
BBB_2013B,-9,11609
BBB_2013B,100,6016
BBB_2013B,222,5348
BBB_2013B,102,5220
BBB_2013B,223,5389
BBB_2013B,225,6768
BBB_2013B,226,14230
BBB_2013B,227,7248
BBB_2013B,108,5023
FFF_2014J,230,19500
FFF_2014J,110,14537
FFF_2014J,231,19733
FFF_2014J,111,11408
FFF_2014J,232,24417
FFF_2014J,112,15827
FFF_2014J,233,31829
FFF_2014J,113,19447
FFF_2014J,234,28906
FFF_2014J,114,19955
FFF_2014J,235,32482
FFF_2014J,115,19024
FFF_2014J,236,33975
FFF_2014J,116,17604
FFF_2014J,237,33482
FFF_2014J,117,16030
FFF_2014J,238,39599
FFF_2014J,118,11161
FFF_2014J,239,56164
FFF_2014J,119,11403
FFF_2014J,10,32170
FFF_2014J,11,31415
FFF_2014J,12,28374
FFF_2014J,13,26192
FFF_2014J,14,25752
FFF_2014J,15,37280
FFF_2014J,16,42459
FFF_2014J,17,40717
FFF_2014J,18,39727
FFF_2014J,19,33008
FFF_2014J,240,73321
FFF_2014J,120,14681
FFF_2014J,241,49712
FFF_2014J,0,39533
FFF_2014J,121,17207
FFF_2014J,242,5269
FFF_2014J,1,35492
FFF_2014J,122,15687
FFF_2014J,2,47077
FFF_2014J,123,14151
FFF_2014J,3,40098
FFF_2014J,124,14107
FFF_2014J,4,35586
FFF_2014J,125,10988
FFF_2014J,5,31580
FFF_2014J,126,12735
FFF_2014J,6,26934
FFF_2014J,127,14936
FFF_2014J,7,25886
FFF_2014J,128,19936
FFF_2014J,8,30100
FFF_2014J,129,18014
FFF_2014J,9,35971
FFF_2014J,20,30354
FFF_2014J,21,33092
FFF_2014J,22,47148
FFF_2014J,23,50914
FFF_2014J,24,38717
FFF_2014J,25,29291
FFF_2014J,26,25404
FFF_2014J,27,19457
FFF_2014J,28,22678
FFF_2014J,29,27060
FFF_2014J,130,18745
FFF_2014J,131,18337
FFF_2014J,132,18106
FFF_2014J,133,22705
FFF_2014J,134,32946
FFF_2014J,135,43678
FFF_2014J,136,33107
FFF_2014J,137,18276
FFF_2014J,138,19089
FFF_2014J,139,16724
FFF_2014J,30,29925
FFF_2014J,31,30581
FFF_2014J,32,25885
FFF_2014J,33,25348
FFF_2014J,34,20295
FFF_2014J,35,19865
FFF_2014J,36,23207
FFF_2014J,37,27643
FFF_2014J,38,23496
FFF_2014J,39,23167
FFF_2014J,140,19278
FFF_2014J,141,24261
FFF_2014J,142,26239
FFF_2014J,143,23601
FFF_2014J,144,20360
FFF_2014J,145,18417
FFF_2014J,146,16113
FFF_2014J,147,17144
FFF_2014J,148,20962
FFF_2014J,149,26190
FFF_2014J,40,20643
FFF_2014J,41,15328
FFF_2014J,42,19293
FFF_2014J,43,22835
FFF_2014J,44,26846
FFF_2014J,45,26530
FFF_2014J,46,26014
FFF_2014J,47,24699
FFF_2014J,48,21992
FFF_2014J,49,23982
FFF_2014J,150,21115
FFF_2014J,151,22123
FFF_2014J,152,18269
FFF_2014J,153,13670
FFF_2014J,154,22441
FFF_2014J,155,21536
FFF_2014J,156,22861
FFF_2014J,157,20784
FFF_2014J,158,21975
FFF_2014J,159,17195
FFF_2014J,50,35174
FFF_2014J,51,44090
FFF_2014J,52,29606
FFF_2014J,53,21397
FFF_2014J,54,17740
FFF_2014J,55,13808
FFF_2014J,56,13507
FFF_2014J,57,15922
FFF_2014J,58,20190
FFF_2014J,59,19071
FFF_2014J,160,15601
FFF_2014J,161,12734
FFF_2014J,162,14019
FFF_2014J,163,17587
FFF_2014J,164,18836
FFF_2014J,165,16252
FFF_2014J,166,12669
FFF_2014J,167,11701
FFF_2014J,168,11566
FFF_2014J,169,12662
FFF_2014J,60,19079
FFF_2014J,61,18581
FFF_2014J,62,13530
FFF_2014J,63,13122
FFF_2014J,64,16236
FFF_2014J,65,19902
FFF_2014J,66,18380
FFF_2014J,67,16299
FFF_2014J,68,14963
FFF_2014J,69,10981
FFF_2014J,170,15861
FFF_2014J,171,13263
FFF_2014J,172,14608
FFF_2014J,173,12271
FFF_2014J,174,9728
FFF_2014J,175,11364
FFF_2014J,176,11408
FFF_2014J,177,16160
FFF_2014J,178,15327
FFF_2014J,179,13533
FFF_2014J,70,9668
FFF_2014J,71,11977
FFF_2014J,72,15383
FFF_2014J,73,14702
FFF_2014J,74,13505
FFF_2014J,75,12079
FFF_2014J,76,8599
FFF_2014J,77,9200
FFF_2014J,78,11010
FFF_2014J,79,11122
FFF_2014J,180,10138
FFF_2014J,181,10631
FFF_2014J,182,10160
FFF_2014J,183,10467
FFF_2014J,184,12756
FFF_2014J,185,11642
FFF_2014J,186,10526
FFF_2014J,187,9849
FFF_2014J,188,8004
FFF_2014J,189,10051
FFF_2014J,80,9543
FFF_2014J,81,6378
FFF_2014J,83,6178
FFF_2014J,84,10008
FFF_2014J,85,12345
FFF_2014J,86,16542
FFF_2014J,87,17163
FFF_2014J,88,10497
FFF_2014J,89,12085
FFF_2014J,190,13129
FFF_2014J,191,12660
FFF_2014J,192,14143
FFF_2014J,193,14367
FFF_2014J,-10,8490
FFF_2014J,194,14008
FFF_2014J,-11,9007
FFF_2014J,195,12159
FFF_2014J,-12,6242
FFF_2014J,196,14180
FFF_2014J,-13,7857
FFF_2014J,197,23006
FFF_2014J,-14,6129
FFF_2014J,198,32684
FFF_2014J,-15,6742
FFF_2014J,199,24156
FFF_2014J,-16,8709
FFF_2014J,-17,13120
FFF_2014J,-18,26946
FFF_2014J,90,20032
FFF_2014J,91,22985
FFF_2014J,92,31735
FFF_2014J,93,37774
FFF_2014J,94,25874
FFF_2014J,95,17702
FFF_2014J,96,18327
FFF_2014J,97,14164
FFF_2014J,98,15357
FFF_2014J,99,19834
FFF_2014J,-1,22150
FFF_2014J,-2,22275
FFF_2014J,-3,16141
FFF_2014J,-4,15128
FFF_2014J,-5,13185
FFF_2014J,-6,9103
FFF_2014J,-7,7460
FFF_2014J,-8,5923
FFF_2014J,-9,7369
FFF_2014J,200,13190
FFF_2014J,201,13006
FFF_2014J,202,12144
FFF_2014J,203,12554
FFF_2014J,204,15656
FFF_2014J,205,16045
FFF_2014J,206,20706
FFF_2014J,207,20451
FFF_2014J,208,19078
FFF_2014J,209,13172
FFF_2014J,210,12382
FFF_2014J,211,17018
FFF_2014J,212,22705
FFF_2014J,213,22952
FFF_2014J,214,20321
FFF_2014J,215,19761
FFF_2014J,216,15122
FFF_2014J,217,22729
FFF_2014J,218,23637
FFF_2014J,219,25628
FFF_2014J,220,21394
FFF_2014J,100,24001
FFF_2014J,221,20141
FFF_2014J,101,21073
FFF_2014J,222,18121
FFF_2014J,102,17960
FFF_2014J,223,13836
FFF_2014J,103,18048
FFF_2014J,224,18798
FFF_2014J,104,14000
FFF_2014J,225,24596
FFF_2014J,105,14595
FFF_2014J,226,25903
FFF_2014J,106,18337
FFF_2014J,227,25928
FFF_2014J,107,20123
FFF_2014J,228,22206
FFF_2014J,108,19053
FFF_2014J,229,19923
FFF_2014J,109,17002
DDD_2014J,110,9397
DDD_2014J,111,7683
DDD_2014J,232,5113
DDD_2014J,233,7060
DDD_2014J,234,7662
DDD_2014J,114,5101
DDD_2014J,235,8160
DDD_2014J,236,8073
DDD_2014J,237,8490
DDD_2014J,238,9939
DDD_2014J,239,14892
DDD_2014J,10,12826
DDD_2014J,11,9469
DDD_2014J,12,8955
DDD_2014J,13,6903
DDD_2014J,14,6277
DDD_2014J,15,7981
DDD_2014J,16,11447
DDD_2014J,17,11564
DDD_2014J,18,11196
DDD_2014J,19,12775
DDD_2014J,240,9299
DDD_2014J,0,13117
DDD_2014J,121,9497
DDD_2014J,1,14282
DDD_2014J,2,17775
DDD_2014J,3,16520
DDD_2014J,4,12946
DDD_2014J,5,13011
DDD_2014J,6,9461
DDD_2014J,7,8029
DDD_2014J,8,9316
DDD_2014J,9,11486
DDD_2014J,20,9961
DDD_2014J,21,7400
DDD_2014J,22,8137
DDD_2014J,23,9449
DDD_2014J,24,8869
DDD_2014J,25,9429
DDD_2014J,26,8135
DDD_2014J,27,8247
DDD_2014J,28,6068
DDD_2014J,29,7651
DDD_2014J,30,10452
DDD_2014J,31,10483
DDD_2014J,32,8197
DDD_2014J,33,7520
DDD_2014J,34,6593
DDD_2014J,35,5437
DDD_2014J,36,6948
DDD_2014J,37,9318
DDD_2014J,38,10023
DDD_2014J,39,10495
DDD_2014J,141,5428
DDD_2014J,142,7140
DDD_2014J,143,7056
DDD_2014J,144,7355
DDD_2014J,145,10134
DDD_2014J,146,7984
DDD_2014J,40,12928
DDD_2014J,41,9901
DDD_2014J,42,6135
DDD_2014J,43,6442
DDD_2014J,44,7610
DDD_2014J,45,6968
DDD_2014J,46,6721
DDD_2014J,47,6647
DDD_2014J,51,5934
DDD_2014J,52,7025
DDD_2014J,57,5288
DDD_2014J,58,6317
DDD_2014J,59,7143
DDD_2014J,60,8008
DDD_2014J,61,9874
DDD_2014J,62,8539
DDD_2014J,192,5019
DDD_2014J,193,5654
DDD_2014J,-10,5240
DDD_2014J,194,6968
DDD_2014J,195,6096
DDD_2014J,94,5004
DDD_2014J,-23,5223
DDD_2014J,-24,6139
DDD_2014J,-25,13879
DDD_2014J,-1,9479
DDD_2014J,-2,10587
DDD_2014J,-3,10918
DDD_2014J,-4,10875
DDD_2014J,-5,13529
DDD_2014J,-6,10294
DDD_2014J,-7,9288
DDD_2014J,-9,5649
DDD_2014J,206,5616
DDD_2014J,219,6110
DDD_2014J,220,5649
DDD_2014J,107,7125
DDD_2014J,108,7653
DDD_2014J,109,7812
